host,entry_count,classes,ids,names
113.12.192.120,1,F,dd-278,广西
114.251.10.92,1,F,dd-358,环境影响评价信用平台
12366.chinatax.gov.cn,3,"D,G","dd-256,dd-263,dd-291",纳税人信息查询；12366查询；国家税务总局12366纳税服务平台
202.127.48.116,1,D,dd-293,进出口商品税率查询
211.146.10.138,1,F,dd-454,重点网络影视剧信息备案系统
abr.business.gov.au,1,F,dd-014,澳大利亚
ac.nanjing.gov.cn,2,"B,G","dd-061,dd-080",南京仲裁委员会
amr.haikou.gov.cn,1,A,dd-116,海口市监局
amr.sz.gov.cn,2,"B,F","dd-004,dd-113",深圳商事主体信用监管公示平台；深圳市场监督管理局
app.gjzwfw.gov.cn,20,"D,E","dd-264,dd-364,dd-365,dd-366,dd-383,dd-384,dd-419,dd-420,dd-422,dd-425,dd-426,dd-427,dd-428,dd-431,dd-456,dd-458,dd-459,dd-461,dd-462,dd-473",查询入口2；取水许可审批信息查询；水利工程建设监理单位资质查询；水利工程质量检测单位资质查询；国家科学技术奖励查询2；国家级科技企业孵化器查询；公路企业经营资质查询；道路运政经营业户查询；道路运政营运车辆查询；航运企业经营资质查询（部本级数据）；船舶经营资质查询(部本级数据)；海员证书查询；民航企业业绩查询；铁路技术标准信息查询；社会艺术水平考级机构查询；文化市场经营单位查询；经营出境旅游业务旅行社名单查询；体育竞赛信息查询；运动员技术等级查询；国家职业资格证书查询
app.nifdc.org.cn,2,F,"dd-408,dd-409",药包材标准；医疗器械标准
auction.jd.com,1,F,dd-038,京东司法拍卖
baoquan.court.gov.cn,1,E,dd-024,人民法院网上保全系统
bdc.zhuhai.gov.cn,1,E,dd-122,珠海市
bdcyc.mnr.gov.cn,1,F,dd-118,全国不动产登记网上查询
beian.china-eia.com,1,G,dd-363,建设项目环境影响登记表查询>>
beian.miit.gov.cn,2,"F,X","dd-152,dd-491",工信部ICP/IP地址/域名信息备案管理系统；京ICP备11009203号-1
beijing.chinatax.gov.cn,1,F,dd-268,北京
bnr.jiangxi.gov.cn,1,E,dd-330,江西
bulletin.cebpubservice.com,1,F,dd-487,中国招标投标公共服务平台
c.gb688.cn,1,G,dd-305,土地利用现状分类
cfws.samr.gov.cn,1,F,dd-099,中国市场监管行政处罚文书网
china-arbitration.com,1,F,dd-087,西宁仲裁委员会
chinanpo.mca.gov.cn,1,G,dd-460,社会组织活动备案查询
chinarohs.miit.gov.cn,1,E,dd-392,电器电子产品有害物质限制使用公共服务平台
cjcx.neea.edu.cn,1,G,dd-475,英语四六级考试成绩查询
cmt.court.gov.cn,1,E,dd-034,中国海事审判网
cnhsi.com.cn,1,B,dd-481,中国民办教育公共信息服务平台
cpquery.cponline.cnipa.gov.cn,1,F,dd-126,中国及多国专利审查信息查询
cquae.cqggzy.com,1,F,dd-228,重庆产权交易网
credit.gd.gov.cn,1,D,dd-094,信用广东
credit.henan.gov.cn,1,E,dd-098,信用河南
credit.sc.gov.cn,1,B,dd-097,信用四川
credit.scjg.tj.gov.cn,1,E,dd-003,天津市市场主体信用信息公示系统
credit.scjg.xm.gov.cn,1,E,dd-006,厦门市商事主体登记及信用信息公示平台
credit.shandong.gov.cn,1,E,dd-095,信用山东
creditbj.jxj.beijing.gov.cn,1,F,dd-093,信用北京
data.court.gov.cn,1,F,dd-025,中国司法大数据服务网
dlgl.cnipa.gov.cn,2,F,"dd-128,dd-129",专利代理机构查询；专利代理师信息查询
dnr.gxzf.gov.cn,1,E,dd-336,广西
dnr.henan.gov.cn,1,B,dd-332,河南
dnr.sc.gov.cn,1,B,dd-339,四川
dnr.shandong.gov.cn,1,B,dd-331,山东
dnr.yn.gov.cn,1,B,dd-341,云南
dsj.nrta.gov.cn,1,B,dd-450,国家新闻出版广电总局电视剧电子政务平台
dwwtjd.court.gov.cn,1,E,dd-028,人民法院委托鉴定系统
dxzhgl.miit.gov.cn,1,X,dd-490,京ICP证110182号
dy.chinafilm.gov.cn,1,F,dd-447,国家新闻出版广电总局电影电子政务平台
eia.lem.org.cn,1,F,dd-361,全国环境影响评价管理信息平台
endangeredanimal.foodmate.net,1,G,dd-315,珍稀动物查询
esearch.ipd.gov.hk,2,E,"dd-137,dd-148",中国香港专利检索；中国香港商标检索
eservice.dsaj.gov.mo,1,F,dd-008,中国澳门商业登记讯息平台
etax.qinghai.chinatax.gov.cn,1,G,dd-283,青海
etax.sichuan.chinatax.gov.cn,1,E,dd-279,四川
etax.xinjiang.chinatax.gov.cn,1,F,dd-290,新疆
eutms.gippc.com.cn,1,G,dd-150,欧盟商标查询系统
find-and-update.company-information.service.gov.uk,1,C,dd-009,英国公司注册处（Companies House）
fuwu.most.gov.cn,3,F,"dd-381,dd-386,dd-402",高新技术企业备案查询；众创空间查询；【科技部】人类遗传资源管理审批
fw.scjgj.sh.gov.cn,1,E,dd-111,上海市场监督管理局
gansu.chinatax.gov.cn,1,F,dd-282,甘肃
gaokao.chsi.com.cn,1,F,dd-467,[教育部]阳光高考信息公开平台
geochina.cgs.gov.cn,1,E,dd-310,全国矿产地数据库
geocloud.cgs.gov.cn,2,F,"dd-311,dd-417",地质云
geoglobal.mnr.gov.cn,2,F,"dd-308,dd-413",全球地质矿产信息系统
ghhzrzy.tj.gov.cn,1,B,dd-318,天津
ghzrzyj.cq.gov.cn,1,B,dd-338,重庆
ghzrzyw.beijing.gov.cn,1,E,dd-317,北京
ghzyj.gz.gov.cn,1,G,dd-121,广州市
ghzyj.sh.gov.cn,2,E,"dd-124,dd-325",上海市；上海
gjhy.mofcom.gov.cn,1,F,dd-424,国际货运代理企业备案
gl.ncha.gov.cn,2,G,"dd-457,dd-463",全国文物保护工程资质单位数据库；全国文物保护工程资格人员数据库
gongbao.court.gov.cn,1,B,dd-016,公报案例
gs.amac.org.cn,7,"F,G","dd-245,dd-249,dd-251,dd-252,dd-253,dd-254,dd-255",证券投资基金业协会信息公示系统；私募基金管理人；私募基金；证券公司直投基金；证券公司私募投资基金；基金公司及子公司集合资管；基金从业人员
guangdong.chinatax.gov.cn,1,G,dd-277,广东
guizhou.chinatax.gov.cn,1,G,dd-280,贵州
gujia.mnr.gov.cn,1,F,dd-303,土地估价行业信息公示系统
gz.gemas.com.cn,1,A,dd-209,广州产权交易所
hd.chinatax.gov.cn,1,D,dd-294,出口退税率查询
henan.chinatax.gov.cn,1,E,dd-274,河南
hrbggzy.harbin.gov.cn,1,E,dd-241,哈尔滨产权交易中心
htgs.ccgp.gov.cn,1,B,dd-484,政府采购合同公示
hubei.chinatax.gov.cn,1,F,dd-275,湖北
huhhotac.org.cn,1,F,dd-056,呼和浩特仲裁委员会
hunan.chinatax.gov.cn,1,F,dd-276,湖南
hy.cctaaedu.cn,2,E,"dd-266,dd-267",税务师事务所查询；注册税务师查询
iccwbo.org,1,B,dd-088,国际商会国际仲裁院（ICC）
inv-veri.chinatax.gov.cn,1,D,dd-260,全国增值税发票查验平台
ipportal.wipo.int,1,E,dd-149,WIPOIPPORTAL
ipsearch.ipd.gov.hk,1,E,dd-130,中国香港知识产权署
jbts.mct.gov.cn,1,E,dd-464,12318全国文化市场举报平台
jiangsu.chinatax.gov.cn,2,"E,G","dd-271,dd-272",江苏；江苏2
jlps.mnr.gov.cn,2,F,"dd-355,dd-356",自然资源部科技成果查询数据库；自然资源部获奖成果查询
jwxkjwgl.miit.gov.cn,2,E,"dd-387,dd-388",电信设备进网许可标志查询；移动电话机图片查询
jxcq.jxggzyjy.cn,1,B,dd-225,江西省产权交易所
kczy.mofcom.gov.cn,2,G,"dd-312,dd-416",境外矿产资源开发备案
kd.nsfc.cn,1,F,dd-401,国家自然科学基金项目综合查询
kmzcw.km.org.cn,1,B,dd-085,昆明仲裁委员会
ky.mnr.gov.cn,2,F,"dd-306,dd-411",矿业权市场
kyqgs.mnr.gov.cn,2,F,"dd-307,dd-412",全国矿业权人勘查开采信息公示系统
lhnbgs.mofcom.gov.cn,1,G,dd-107,外商投资企业年度投资经营信息联合报告
login.12309.gov.cn,1,E,dd-043,检察文书公开
lr.hainan.gov.cn,1,A,dd-337,海南
nafmii.org.cn,1,F,dd-178,中国银行间市场交易商协会
neris.csrc.gov.cn,1,E,dd-156,证监会业务办理指南
ngac.org.cn,1,F,dd-415,全国矿产地数据库
nr.dg.gov.cn,1,A,dd-123,东莞市
nr.gd.gov.cn,1,E,dd-335,广东
patentscope.wipo.int,1,G,dd-146,PATENTSCOPE数据库
pccz.court.gov.cn,1,G,dd-035,全国企业破产重整案件信息网
pdc.capub.cn,1,F,dd-443,出版物信息查询
permit.mee.gov.cn,1,B,dd-357,全国排污许可证管理信息平台
pnr.sz.gov.cn,2,F,"dd-120,dd-351",深圳市；深圳
press.nppa.gov.cn,1,B,dd-445,记者证
pss-system.cponline.cnipa.gov.cn,2,F,"dd-125,dd-138",中国专利检索及分析；专利检索及分析系统
qyxy.dg.cn,1,E,dd-005,东莞市企业信用信息公示系统
qyxy.scjgj.beijing.gov.cn,1,F,dd-002,北京市企业信用信息网
register.dpma.de,1,G,dd-144,DPMAregister
rmft.court.gov.cn,1,B,dd-033,全国人民法庭信息网
rmfyalk.court.gov.cn,1,D,dd-018,人民法院案例库
rmfygg.court.gov.cn,2,G,"dd-020,dd-029",人民法院公告网
sccarbitrationinstitute.se,1,E,dd-090,斯德哥尔摩商会仲裁院（SCC）
scjg.chengdu.gov.cn,1,F,dd-114,成都市监局
scjgj.wuhan.gov.cn,1,A,dd-115,武汉市监局
search.beijingip.cn,1,F,dd-135,北京知识产权公共信息服务平台
service.lneec.com,1,F,dd-190,辽宁股权交易中心
sf.taobao.com,1,E,dd-037,阿里司法拍卖
shandong.chinatax.gov.cn,1,F,dd-273,山东
shanghai.chinatax.gov.cn,1,G,dd-269,上海
shanxi.chinatax.gov.cn,1,G,dd-286,山西
siac.org.sg,1,F,dd-091,新加坡国际仲裁中心（SIAC）
sjzac.org.cn,1,G,dd-078,石家庄仲裁委员会
songda.court.gov.cn,1,E,dd-031,人民法院送达平台
spyxggsc.samr.gov.cn,1,G,dd-405,三品一械广告审批结果查询
ssza.psxjsz.com,1,F,dd-469,学位证书网上查询
star.sse.com.cn,1,B,dd-160,上交所科创板
syjc.jtzyzg.org.cn,1,D,dd-432,试验检测人员考试合格查询
syzcb.shenyang.gov.cn,1,B,dd-079,沈阳仲裁委员会
tdgj.mnr.gov.cn,1,F,dd-302,全国土地估价监管系统
tianjin.chinatax.gov.cn,1,G,dd-288,天津
tingshen.court.gov.cn,1,F,dd-032,中国庭审公开网
ts.isc.org.cn,1,E,dd-398,互联网信息服务投诉平台
tsm.miit.gov.cn,1,D,dd-379,工信部电信业务市场综合管理信息系统
tysf.cponline.cnipa.gov.cn,1,E,dd-127,专利复审和无效查询
udi.nmpa.gov.cn,1,F,dd-404,医疗器械唯一标识数据库
wap.miit.gov.cn,2,E,"dd-418,dd-465",批准开采黄金矿产的企业名单；农药产品生产批准证书名单
wcjs.sbj.cnipa.gov.cn,1,F,dd-147,中国商标网
wenshu.court.gov.cn,1,F,dd-015,中国裁判文书网
www.12309.gov.cn,2,E,"dd-042,dd-044",中国检察网；中国检察听证网
www.aaee.com.cn,1,E,dd-232,安徽产权交易中心
www.accsh.org,1,G,dd-057,上海仲裁委员会
www.acef.com.cn,1,B,dd-374,中华环保联合会
www.ahaee.com,1,E,dd-233,安徽省农村综合产权交易网
www.amac.org.cn,4,"A,C","dd-246,dd-247,dd-248,dd-250",中国证券投资基金业协会；公募基金管理人；公募基金销售机构；基金托管机构
www.bbwcq.com,1,G,dd-214,广西北部湾产权交易所
www.beian.gov.cn,2,"F,X","dd-396,dd-489",全国互联网安全管理服务平台；京公网安备11010502039017号|隐私政策|使用条款|关于我们
www.bjac.org.cn,1,E,dd-048,北京仲裁委员会
www.bjotc.cn,1,F,dd-187,北京区域性股权市场
www.bse.cn,1,E,dd-163,北交所
www.bvifsc.vg,1,F,dd-010,英属维尔京群岛
www.caac.gov.cn,2,"A,D","dd-423,dd-429",[民航局]资质查询；民航行程单验真
www.caepi.org.cn,1,E,dd-373,中国环境保护产业协会
www.casdaq.com.cn,1,E,dd-195,新疆股权交易中心
www.cbex.com.cn,1,F,dd-199,北京产权交易所
www.ccac.org.cn,1,E,dd-071,长春仲裁委员会
www.ccgp.gov.cn,2,"A,E","dd-482,dd-483",中国政府采购网；政府采购代理机构名单
www.ccjex.com,1,F,dd-234,安徽长江产权交易所
www.ccotc.cn,1,G,dd-189,中原股权交易中心
www.cctaa.cn,1,A,dd-265,中国注册税务师协会
www.cdac.org.cn,1,G,dd-074,成都仲裁委员会
www.cde.org.cn,1,B,dd-410,国家药品监督管理局药品评审中心
www.cebpubservice.com,1,F,dd-486,全国公共资源交易平台-招投标信息
www.celma.org.cn,1,E,dd-184,中国地方政府债券信息公开平台
www.cfae.cn,1,F,dd-200,北京金融资产交易所
www.chemicalsafety.org.cn,1,B,dd-370,中国化学品安全协会
www.chictr.org.cn,1,F,dd-399,中国临床试验注册中心检索入口
www.china-arbitration.com,1,B,dd-045,中国仲裁网
www.china-safety.org.cn,1,E,dd-368,中国安全生产协会
www.china-see.com,1,B,dd-188,上海股权托管交易中心
www.chinabond.com.cn,1,E,dd-177,中国债券信息网
www.chinadrugtrials.org.cn,1,F,dd-400,药物临床试验登记与信息公示平台
www.chinafilm.gov.cn,2,B,"dd-448,dd-449",电影备案公示；电影公映许可证公示
www.chinamoney.com.cn,1,G,dd-179,全国银行间同业拆借中心
www.chinasia.org.cn,1,E,dd-367,中国安全产业协会
www.chinatax.gov.cn,5,"F,G","dd-257,dd-258,dd-259,dd-292,dd-295",纳税信用查询；纳税信用A级纳税人名单公布栏；重大税收违法失信案件信息公布栏；税收政策库；商品和服务税收分类编码表
www.chinatorch.gov.cn,1,A,dd-385,国家级高新技术产业开发区名单
www.chsi.com.cn,1,B,dd-466,中国高等教育学生信息网(学信网)
www.cietac.org,2,"B,D","dd-046,dd-047",中国国际经济贸易仲裁委员会；贸仲立案系统
www.cltt.org,1,E,dd-476,普通话水平测试成绩查询
www.cmac.org.cn,1,B,dd-050,中国海事仲裁委员会
www.cnhsi.com.cn,1,G,dd-477,中国民办教育信息网
www.cninfo.com.cn,2,"E,F","dd-157,dd-182",巨潮网；巨潮债券
www.cnnic.cn,1,A,dd-153,中国互联网信息中心
www.court.gov.cn,2,A,"dd-017,dd-019",指导案例；最高人民法院
www.cpta.com.cn,1,B,dd-474,中国人事考试网
www.cqac.org.cn,1,G,dd-073,重庆仲裁委员会
www.crcrfsp.org.cn,1,F,dd-109,中征应收账款融资服务平台
www.creditchina.gov.cn,1,F,dd-092,信用中国
www.crra.org.cn,1,B,dd-369,中国再生资源回收利用协会
www.cscac.net,1,E,dd-063,长沙仲裁委员会
www.cscqjy.com.cn,1,B,dd-227,长沙联合产权交易所
www.cspea.com.cn,1,B,dd-197,全国产权行业信息化综合服务平台
www.cspea.org.cn,1,A,dd-198,中国企业国有产权交易机构协会
www.csrc.gov.cn,7,G,"dd-154,dd-155,dd-175,dd-176,dd-185,dd-186,dd-376",证监会；证监会统计信息；[证监会]非上市公众公司行政许可；[证监会]公众公司定向发行批复；债券监管司公开发行公司债券反馈意见；[证监会]区域性股权市场；[证监会]上市公司行业分类指引
www.csuaee.com.cn,1,E,dd-207,南方联合产权交易中心
www.ctba.org.cn,1,B,dd-485,中国招标投标协会
www.customs.gov.cn,2,F,"dd-105,dd-296",海关总署；进出口税目税号查询
www.cwec.org.cn,1,B,dd-372,中国水利企业协会
www.cweun.org,1,G,dd-371,中国水利工程协会
www.cxedu.org.cn,1,B,dd-479,全国民办高校学生信息公共查询平台
www.cynee.net,1,E,dd-222,云南产权交易所
www.czcq.com.cn,1,B,dd-220,常州产权交易所
www.czscq.com,1,F,dd-240,长治产权交易市场
www.dayi.org.cn,1,G,dd-406,中国医药信息查询平台
www.diac.org.cn,1,B,dd-066,大连仲裁委员会
www.economia.gov.mo,1,A,dd-131,中国澳门经济局
www.envsc.cn,1,F,dd-359,生态环境部污染源监控中心平台
www.epo.org,1,A,dd-139,EuropeanPatentOffice
www.euipo.europa.eu,1,F,dd-141,欧盟知识产权局（EUIPO）
www.firmenwissen.de,1,F,dd-011,德国
www.fjcqjy.com,1,B,dd-215,福建省产权交易所
www.fsaee.com,1,G,dd-212,佛山南方产权交易所
www.fuzhou.gov.cn,1,F,dd-081,福州仲裁委员会
www.gduaee.com,1,B,dd-208,广东联合产权交易中心
www.gov.cn,1,F,dd-360,环境保护综合目录
www.gov.uk,1,B,dd-151,TheIntellectualPropertyOffice
www.gscq.com.cn,1,F,dd-224,甘肃省产权交易所
www.gsotc.com.cn,1,F,dd-194,甘肃股权交易中心
www.gsxt.gov.cn,1,F,dd-001,企业信用信息公示
www.gxcq.com.cn,1,F,dd-213,广西联合产权交易所
www.gyac.org.cn,1,B,dd-084,贵阳仲裁委员会心
www.gzac.org,1,E,dd-068,中国广州仲裁委员会
www.hebaee.cn,1,E,dd-203,河北产权市场
www.hfac.net.cn,1,E,dd-067,合肥仲裁委员会
www.hkexnews.hk,1,E,dd-161,披露易
www.hkiac.org,1,G,dd-076,中国香港国际仲裁中心
www.hljcqjy.com,1,B,dd-229,黑龙江联合产权交易所
www.hnac.org.cn,1,B,dd-062,海南国际仲裁院
www.hnaee.com,1,E,dd-226,湖南联合产权交易所
www.hncq.cn,1,E,dd-244,海南产权交易所
www.hrbac.org.cn,1,G,dd-072,哈尔滨仲裁委员会
www.hrmbedu.com.cn,1,G,dd-471,中国民办学校网
www.hzaee.com,1,E,dd-205,杭州产权交易所
www.hzhac.org,1,B,dd-059,杭州仲裁委员会
www.ic.gc.ca,1,F,dd-013,加拿大
www.icris.cr.gov.hk,1,E,dd-007,中国香港公司注册处综合资讯系统
www.innocom.gov.cn,1,B,dd-380,高新技术企业认定管理工作网
www.j-platpat.inpit.go.jp,1,E,dd-143,日本专利信息平台
www.js-eia.cn,1,F,dd-362,环境影响评价信息公示平台
www.jscq.com.cn,1,F,dd-218,江苏产权交易所
www.jseec.cn,1,F,dd-196,江苏股权交易中心
www.kipo.go.kr,1,A,dd-142,韩国特许厅（KIPO）
www.landchina.com,1,E,dd-300,中国土地市场网
www.lcia.org,1,F,dd-089,伦敦国际仲裁院（LCIA）
www.londonstockexchange.com,1,E,dd-167,TheLondonStockExchange
www.lzzcwyh.com.cn,1,F,dd-075,兰州仲裁委员会
www.miit.gov.cn,4,E,"dd-391,dd-394,dd-395,dd-397",新能源汽车动力蓄电池回收服务网点信息；外商投资电信企业设立审批；互联网电子公告服务审批及备案；军工电子计量技术机构建立认定
www.mnr.gov.cn,3,F,"dd-297,dd-298,dd-304",自然资源部数据服务；自然资源部行政审批信息公开；全国主要城市地价监测报告
www.moe.gov.cn,1,B,dd-468,[教育部]高校名单
www.mohurd.gov.cn,1,F,dd-103,住建部
www.most.gov.cn,1,F,dd-382,国家科学技术奖励查询1
www.nbac.org.cn,1,B,dd-060,宁波仲裁委员会
www.nbcqjy.org,1,B,dd-206,宁波产权交易中心
www.ncha.gov.cn,1,E,dd-451,国家文物局信息查询服务
www.nczcw.org.cn,1,G,dd-082,南昌仲裁委员会
www.neeq.com.cn,8,E,"dd-168,dd-169,dd-170,dd-171,dd-172,dd-173,dd-174,dd-377",挂牌公司公告；两网及退市公司公告；新三板规则；挂牌审查；定向发行审查；重大资产重组审查；全国股转系统监管公告；新三板行业分类指引
www.nfra.gov.cn,1,E,dd-100,银保监会/局
www.ngac.cn,2,E,"dd-309,dd-414",全国地质资料馆
www.nmpa.gov.cn,1,F,dd-403,国家药监局数据查询
www.nnac.org.cn,1,G,dd-083,南宁仲裁委员会
www.nppa.gov.cn,12,"A,B,G","dd-433,dd-434,dd-435,dd-436,dd-437,dd-438,dd-439,dd-440,dd-441,dd-442,dd-444,dd-455",全国出版物发行单位年度核验查询；全国只读类光盘复制单位光盘来源识别码查询；行政审批事项清单；图书出版单位；报纸/报社；期刊/期刊社；音像出版单位；电子出版物出版单位；网络出版服务单位；发行机构；连续型电子出版物；电子游戏审批
www.nrta.gov.cn,2,"E,F","dd-452,dd-453",电视剧备案公示；动画片备案公示
www.nsstec.org.cn,1,B,dd-389,国家保密科技测评中心
www.ntree.com.cn,1,E,dd-242,宁夏科技资源与产权交易所
www.oscca.gov.cn,1,D,dd-393,电子认证服务使用密码许可单位名录
www.pbccrc.org.cn,1,B,dd-106,中国人民银行征信中心
www.ppac.org.cn,1,B,dd-133,中国专利保护协会
www.pppas.net,1,G,dd-134,全国专利代理公共服务平台
www.prechina.net,1,E,dd-223,贵州阳光产权交易所
www.qcc.com,1,B,dd-262,开票信息查询
www.qdac.org,1,A,dd-053,青岛仲裁委员会
www.qdcq.net,1,E,dd-236,青岛产权交易所
www.qheec.com,1,F,dd-193,青海股权交易中心
www.qzcq0595.com,1,F,dd-217,泉州市产权交易中心
www.rerc.com.cn,1,B,dd-299,自然资源确权登记网
www.rmfysszc.gov.cn,2,F,"dd-023,dd-036",人民法院诉讼资产网
www.safe.gov.cn,1,A,dd-102,外汇局
www.scia.com.cn,1,F,dd-069,深圳国际仲裁院
www.sdcqjy.com,1,G,dd-235,山东产权交易中心
www.sec.gov,2,F,"dd-164,dd-165",EDGAR；CompanyFilings
www.sgx.com,1,E,dd-166,新加坡交易所上市公司公告
www.shiac.org,1,E,dd-058,上海国际经济贸易仲裁委员会（上海国际仲裁中心）
www.sotcbb.com,1,G,dd-210,深圳联合产权交易所
www.spp.gov.cn,3,A,"dd-039,dd-040,dd-041",最高人民检察院；最高检公报；指导性案例
www.sse.com.cn,2,"A,G","dd-159,dd-180",上交所；上交所债券
www.stats.gov.cn,3,"A,E","dd-104,dd-375,dd-378",国家统计局；国民经济行业分类；战略性新兴产业分类
www.suaee.com,1,E,dd-204,上海联合产权交易所
www.swuee.com,1,E,dd-221,西南联合产权交易所
www.sxcqjy.cn,1,E,dd-239,山西省产权交易市场
www.sxeec.com,1,G,dd-192,陕西股权交易中心
www.sxgq.net,1,G,dd-191,山西股权交易中心
www.szac.net,1,G,dd-065,苏州仲裁委员会
www.szse.cn,2,F,"dd-158,dd-181",深交所；深交所债券
www.tianditu.gov.cn,1,E,dd-353,国家地理信息公共服务平台
www.tipo.gov.tw,1,E,dd-132,中国台湾经济部智慧财产局
www.tjac.org.cn,1,B,dd-051,天津仲裁委员会
www.tjnjs.com,1,E,dd-202,天津农村产权交易所
www.tpre.cn,1,B,dd-201,天津产权交易中心
www.travelsky.com,1,F,dd-261,信天游
www.twse.com.tw,1,G,dd-162,中国台湾证券交易所
www.tyac.org.cn,1,G,dd-055,太原仲裁委员会
www.tzxm.gov.cn,1,E,dd-488,[发改委]全国投资项目在线审批监管平台
www.uid.admin.ch,1,D,dd-012,瑞士
www.uspto.gov,1,G,dd-140,美国专利商标局（USPTO）
www.wfcqjy.com,1,B,dd-238,潍坊产权交易中心
www.whac.org.cn,1,G,dd-064,武汉仲裁委员会
www.wxcq.com.cn,1,E,dd-219,无锡产权交易所
www.xaac.org,1,G,dd-086,西安仲裁委员会
www.xemas.com.cn,1,F,dd-216,厦门产权交易中心
www.xjcq.net.cn,1,F,dd-243,新疆产权交易市场
www.xmac.org.cn,1,F,dd-070,厦门仲裁委员会
www.xycq.gov.cn,1,E,dd-096,信用重庆
www.yinchuanzcw.org.cn,1,B,dd-077,银川仲裁委员会
www.ytcq.com,1,B,dd-237,烟台联合产权交易中心
www.zgdypw.cn,1,G,dd-446,中国电影数据信息网
www.zhaeec.com,1,B,dd-211,珠海产权交易中心
www.zhongdengwang.org.cn,1,D,dd-117,中登网（动产融资统一登记公示系统）
www.zjzwfw.gov.cn,1,F,dd-112,浙江政务服务网
www.zrzy.dl.gov.cn,1,F,dd-347,大连
www.zycqjy.com,1,G,dd-230,河南中原产权交易有限公司
www.zzac.org.cn,1,G,dd-052,郑州仲裁委员会
www3.wipo.int,1,E,dd-145,全球外观设计数据库
wx.nhsa.gov.cn,1,E,dd-407,医保药品目录查询
wzyy.hebei.chinatax.gov.cn,1,F,dd-287,河北
xizang.chinatax.gov.cn,1,G,dd-289,西藏
xxfw.sipa.sh.gov.cn,1,G,dd-136,上海市知识产权专利检索分析平台
xy.cace.org.cn,1,A,dd-108,信息通信行业信用信息查询
ydbg.forestry.gov.cn,3,E,"dd-313,dd-314,dd-316",林木种子生产经营许可证查询；林木业和草原行政许可查询；林业和草原局行政许可查询
yewu.ghzrzyw.beijing.gov.cn,1,E,dd-119,北京市
yhgscx.miit.gov.cn,1,E,dd-390,中国汽车燃料消耗量查询系统
ysfw.mot.gov.cn,1,E,dd-421,道路运政从业人员查询
yss.mof.gov.cn,1,A,dd-183,地方债管理
yy.bjac.org.cn,1,E,dd-049,北仲网上预约收案
z.mnr.gov.cn,1,F,dd-301,全国征地信息共享平台
zcb.jinan.gov.cn,1,B,dd-054,济南仲裁委员会
zfgs.ningxia.chinatax.gov.cn,1,F,dd-284,宁夏
zfgs.shaanxi.chinatax.gov.cn,1,F,dd-281,陕西
zfxxgs.neimenggu.chinatax.gov.cn,1,G,dd-285,内蒙古
zgj.ningbo.gov.cn,1,G,dd-349,宁波
zhejiang.chinatax.gov.cn,1,F,dd-270,浙江
zrzy.gansu.gov.cn,1,F,dd-343,甘肃
zrzy.guizhou.gov.cn,1,B,dd-340,贵州
zrzy.hebei.gov.cn,1,E,dd-319,河北
zrzy.jiangsu.gov.cn,1,A,dd-326,江苏
zrzy.jl.gov.cn,1,A,dd-323,吉林
zrzy.ln.gov.cn,1,B,dd-322,辽宁
zrzy.nmg.gov.cn,1,E,dd-321,内蒙古
zrzy.xjbt.gov.cn,1,B,dd-352,兵团
zrzygh.qingdao.gov.cn,1,A,dd-348,青岛
zrzyt.ah.gov.cn,1,B,dd-328,安徽
zrzyt.fujian.gov.cn,1,A,dd-329,福建
zrzyt.hlj.gov.cn,1,A,dd-324,黑龙江
zrzyt.hubei.gov.cn,1,B,dd-333,湖北
zrzyt.hunan.gov.cn,1,E,dd-334,湖南
zrzyt.nx.gov.cn,1,B,dd-345,宁夏
zrzyt.qinghai.gov.cn,1,F,dd-344,青海
zrzyt.shaanxi.gov.cn,1,E,dd-342,陕西
zrzyt.shanxi.gov.cn,1,A,dd-320,山西
zrzyt.xinjiang.gov.cn,1,B,dd-346,新疆
zrzyt.zj.gov.cn,1,A,dd-327,浙江
zscx.osta.org.cn,1,E,dd-472,国家职业资格证书全国联网查询
zwfw.12348.gov.cn,1,E,dd-101,司法部
zwfw.ch.mnr.gov.cn,1,F,dd-354,自然资源部测绘地理信息政务服务
zwfw.moe.gov.cn,2,"E,F","dd-478,dd-480",中国少数民族汉语水平等级考试成绩查询；中小学教师资格考试成绩查询
zwfw.msa.gov.cn,1,G,dd-110,海事处罚查询
zwfw.nra.gov.cn,1,D,dd-430,铁路局行政许可公告查询
zwfwbl.cscse.edu.cn,1,F,dd-470,国(境)外学历学位认证书在线查询
zxgk.court.gov.cn,4,"F,G","dd-021,dd-022,dd-026,dd-027",全国法院被执行人信息查询；中国执行信息公开网；人民法院司法评估机构名单库；选定评估机构公示
zygh.xm.gov.cn,1,B,dd-350,厦门
zzggzy.zhengzhou.gov.cn,1,B,dd-231,郑州市公共资源交易中心
zzpt.rmfyb.cn,1,E,dd-030,人民法院公告自助平台
